,UAV,error_x,error_y,RMSE_x,RMSE_y,euclidean
0,uav1,0.04723702127364398,-0.04303722869834854,0.21125557662003977,0.26784435387363886,0.30002237899651746
