,UAV,error_x,error_y,RMSE_x,RMSE_y,euclidean
0,uav1,0.034732466872758286,-0.06391212291776596,0.42665871208739353,0.467861597895814,0.570960755180053
