,UAV,error_x,error_y,RMSE_x,RMSE_y,euclidean
0,uav1,-0.0029018996717417507,-0.027920681090667823,0.4152254004548653,0.4528219002154344,0.5030300462916648
