,UAV,error_x,error_y,RMSE_x,RMSE_y,euclidean
0,uav1,-0.07189754160088871,-0.05720117021344861,0.45986808324519196,0.3552877771893526,0.5020784431978998
