Time,x,y,v_x,v_y
1681910646.925841,4.705219305879869,5.422906028673066,0.9245454678748757,0.9734691682821756
1681910651.9734206,11.251540635602725,10.213763352590368,1.1893850789847324,0.9788282792256426
1681910657.0225282,15.95531122537542,15.783582781247796,1.0752072687641914,1.0455656721221918
1681910662.0715904,20.03246599780046,20.469415637304106,0.8660641558608849,0.9523746772151706
1681910667.129685,25.801237821212492,25.751709554698436,1.0480528703019285,1.0160466304896334
1681910672.1820416,30.42461030770841,30.16400209474465,0.9626068073048715,0.9144182442672698
1681910677.2198472,35.55041054905093,35.376627146021065,0.9641039120526051,1.0239097917809814
