,UAV,error_x,error_y,RMSE_x,RMSE_y,euclidean
0,uav1,0.09270414446454502,-0.15256195425731486,0.39765179468060075,0.4835222959604913,0.557770813523
